<ch.ethz.matsim.students.samark.CBPII>
  <ptUsers>324247.9591836735</ptUsers>
  <carUsers>956781.6326530612</carUsers>
  <otherUsers>327200.0</otherUsers>
  <carTimeTotal>2.189278679591837E9</carTimeTotal>
  <carPersonDist>3.342420265416458E10</carPersonDist>
  <ptTimeTotal>2.5551507602040815E9</ptTimeTotal>
  <ptPersonDist>1.345836429497164E10</ptPersonDist>
  <averagePtTime>7880.236984796845</averagePtTime>
  <averageCartime>2288.169635448773</averageCartime>
  <metroPersonDist>0.0</metroPersonDist>
  <totalTravelTime>0.0</totalTravelTime>
  <constCost>0.0</constCost>
  <opsCost>0.0</opsCost>
  <mrCost>0.0</mrCost>
  <travelUtil>0.0</travelUtil>
  <extCostSavings>0.0</extCostSavings>
  <totalAnnualCost>0.0</totalAnnualCost>
  <totalAnnualBenefit>0.0</totalAnnualBenefit>
  <rollingStockCost>0.0</rollingStockCost>
  <landCost>0.0</landCost>
  <externalCost>0.0</externalCost>
  <ptPassengerCost>0.0</ptPassengerCost>
  <travelTimeGainsCar>0.0</travelTimeGainsCar>
  <travelTimeGainsPt>0.0</travelTimeGainsPt>
  <travelTotalUtilGainsPt>0.0</travelTotalUtilGainsPt>
  <travelTimeGains>0.0</travelTimeGains>
  <ptVatIncrease>0.0</ptVatIncrease>
  <customVariable1>9.913580367346939E8</customVariable1>
  <customVariable2>0.0</customVariable2>
  <customVariable3>3.4539286577234645E9</customVariable3>
  <customVariable4>0.0</customVariable4>
  <customVariable5>0.0</customVariable5>
  <customVariable6>0.0</customVariable6>
  <customVariable7>0.0</customVariable7>
  <customVariable8>0.0</customVariable8>
  <customVariable9>0.0</customVariable9>
  <customVariable10>0.0</customVariable10>
</ch.ethz.matsim.students.samark.CBPII>