<ch.ethz.matsim.students.samark.CBPII>
  <ptUsers>320000.0</ptUsers>
  <carUsers>961000.0</carUsers>
  <otherUsers>327000.0</otherUsers>
  <carTimeTotal>2.18812E9</carTimeTotal>
  <carPersonDist>3.3461518099291424E10</carPersonDist>
  <ptTimeTotal>2.534651E9</ptTimeTotal>
  <ptPersonDist>1.3362282866189356E10</ptPersonDist>
  <averagePtTime>7920.784375</averagePtTime>
  <averageCartime>2276.919875130073</averageCartime>
  <metroPersonDist>0.0</metroPersonDist>
  <totalTravelTime>0.0</totalTravelTime>
  <constCost>0.0</constCost>
  <opsCost>0.0</opsCost>
  <mrCost>0.0</mrCost>
  <travelUtil>0.0</travelUtil>
  <extCostSavings>0.0</extCostSavings>
  <totalAnnualCost>0.0</totalAnnualCost>
  <totalAnnualBenefit>0.0</totalAnnualBenefit>
  <rollingStockCost>0.0</rollingStockCost>
  <landCost>0.0</landCost>
  <externalCost>0.0</externalCost>
  <ptPassengerCost>0.0</ptPassengerCost>
  <travelTimeGainsCar>0.0</travelTimeGainsCar>
  <travelTimeGainsPt>0.0</travelTimeGainsPt>
  <travelTotalUtilGainsPt>0.0</travelTotalUtilGainsPt>
  <travelTimeGains>0.0</travelTimeGains>
  <ptVatIncrease>0.0</ptVatIncrease>
  <customVariable1>9.90271E8</customVariable1>
  <customVariable2>0.0</customVariable2>
  <customVariable3>3.42538504435209E9</customVariable3>
  <customVariable4>0.0</customVariable4>
  <customVariable5>0.0</customVariable5>
  <customVariable6>0.0</customVariable6>
  <customVariable7>0.0</customVariable7>
  <customVariable8>0.0</customVariable8>
  <customVariable9>0.0</customVariable9>
  <customVariable10>0.0</customVariable10>
</ch.ethz.matsim.students.samark.CBPII>